audio_path,text,speaker_id
resampled_audio/pleshy_1/recorder_2024-04-11_13-38-52_009308.wav,"DUTIES, FUNCTIONS AND POWER OF THE COUNCIL OF MINISTERS",Precious_nPpAHJbgMdj6eKqy
resampled_audio/pleshy_1/recorder_2024-04-11_13-38-56_980938.wav,It promote peace in the society It makes all happy,Precious_nPpAHJbgMdj6eKqy
resampled_audio/pleshy_1/recorder_2024-04-11_13-40-20_980323.wav,Promoting skill acquisition through its National Open Apprenticeship Scheme,Precious_nPpAHJbgMdj6eKqy
resampled_audio/pleshy_1/recorder_2024-04-11_13-40-28_145844.wav,Displaying patriotism: Patriotism means having love for ones fatherland,Precious_nPpAHJbgMdj6eKqy
resampled_audio/pleshy_1/recorder_2024-04-11_13-40-34_010312.wav,It laid down procedures for the creation of regions,Precious_nPpAHJbgMdj6eKqy
resampled_audio/pleshy_1/recorder_2024-04-11_13-40-38_943470.wav,(three) write out the reasons why people get married,Precious_nPpAHJbgMdj6eKqy
resampled_audio/pleshy_1/recorder_2024-04-11_13-40-44_619034.wav,(ten) It encourages healthy competition among the different states,Precious_nPpAHJbgMdj6eKqy
resampled_audio/pleshy_1/recorder_2024-04-11_13-40-49_290908.wav,The Legislature. (one) They make laws for the country,Precious_nPpAHJbgMdj6eKqy
resampled_audio/pleshy_1/recorder_2024-04-11_13-41-10_992903.wav,Civic Education E learning Notes For Junior Secondary School,Precious_nPpAHJbgMdj6eKqy
resampled_audio/pleshy_1/recorder_2024-04-11_13-41-16_208139.wav,The governor general was the ceremonial head of state,Precious_nPpAHJbgMdj6eKqy
resampled_audio/pleshy_1/recorder_2024-04-11_13-42-58_502100.wav,THEORY: What were the achievements of the Nineteen seventy nine constitution?,Precious_nPpAHJbgMdj6eKqy
resampled_audio/pleshy_1/recorder_2024-04-11_13-43-09_113822.wav,(one) All these are crimes except [A]Falsehood [B] Murder [C] Honesty [D] Embezzlement,Precious_nPpAHJbgMdj6eKqy
resampled_audio/pleshy_1/recorder_2024-04-11_13-43-15_417568.wav,"Preventive measures against cultism, Government effort in preventing cultism",Precious_nPpAHJbgMdj6eKqy
resampled_audio/pleshy_1/recorder_2024-04-11_13-43-27_890832.wav,(two) List five causes of advance fee fraud,Precious_nPpAHJbgMdj6eKqy
resampled_audio/pleshy_1/recorder_2024-04-11_13-43-32_883283.wav,List any three factors that can hinder interpersonal relationship,Precious_nPpAHJbgMdj6eKqy
resampled_audio/pleshy_1/recorder_2024-04-11_13-43-50_155284.wav,It helps the body build strong bones and teeth,Precious_nPpAHJbgMdj6eKqy
resampled_audio/pleshy_1/recorder_2024-04-11_13-43-55_053449.wav,Discuss ways of improving the Public service in Nigeria,Precious_nPpAHJbgMdj6eKqy
resampled_audio/pleshy_1/recorder_2024-04-11_13-44-01_508360.wav,(one) Equality before the law (two) Principle of impartiality,Precious_nPpAHJbgMdj6eKqy
resampled_audio/pleshy_1/recorder_2024-04-11_13-44-25_029904.wav,"(one) Relationship among the Federal, State and Local government",Precious_nPpAHJbgMdj6eKqy
resampled_audio/pleshy_1/recorder_2024-04-11_13-44-29_230985.wav,list out places where these marriages are carried out,Precious_nPpAHJbgMdj6eKqy
resampled_audio/pleshy_1/recorder_2024-04-11_13-45-35_833695.wav,"When this happens, he often ventures into armed robbery",Precious_nPpAHJbgMdj6eKqy
resampled_audio/pleshy_1/recorder_2024-04-11_13-45-46_739721.wav,It provided for election at the local government level,Precious_nPpAHJbgMdj6eKqy
resampled_audio/pleshy_1/recorder_2024-04-11_13-45-50_759162.wav,"The result of an action, whether good or bad",Precious_nPpAHJbgMdj6eKqy
resampled_audio/pleshy_1/recorder_2024-04-11_13-46-00_771597.wav,societal ills with the aim of perpetrating good governance,Precious_nPpAHJbgMdj6eKqy
resampled_audio/pleshy_1/recorder_2024-04-11_13-46-27_688498.wav,(one) explain the meaning and the causes of HIV and AIDS,Precious_nPpAHJbgMdj6eKqy
resampled_audio/pleshy_1/recorder_2024-04-11_13-48-35_122182.wav,It directs and controls the specialize commissions and agencies,Precious_nPpAHJbgMdj6eKqy
resampled_audio/pleshy_1/recorder_2024-04-11_13-50-32_208012.wav,Ways of safeguarding citizens’ rights Limitations to a citizen’s rights,Precious_nPpAHJbgMdj6eKqy
resampled_audio/pleshy_1/recorder_2024-04-11_13-50-37_465599.wav,(one) Mention three importance of values in the society,Precious_nPpAHJbgMdj6eKqy
resampled_audio/pleshy_1/recorder_2024-04-11_13-50-43_674254.wav,THEORY: What are the characteristics of the military rule?,Precious_nPpAHJbgMdj6eKqy
resampled_audio/pleshy_1/recorder_2024-04-11_13-50-48_831342.wav,(two) To educate youth about their duties and obligation,Precious_nPpAHJbgMdj6eKqy
resampled_audio/pleshy_1/recorder_2024-04-11_13-50-52_845475.wav,It must be made open to all eligible candidates,Precious_nPpAHJbgMdj6eKqy
resampled_audio/pleshy_1/recorder_2024-04-11_13-50-57_249322.wav,"Often, most drop out due to lack of funds",Precious_nPpAHJbgMdj6eKqy
resampled_audio/pleshy_1/recorder_2024-04-11_13-52-30_466801.wav,The legislative and executive arms of government were fused,Precious_nPpAHJbgMdj6eKqy
resampled_audio/pleshy_1/recorder_2024-04-11_13-52-34_475472.wav,Draw any four road signs and write their meaning,Precious_nPpAHJbgMdj6eKqy
resampled_audio/pleshy_1/recorder_2024-04-11_13-52-50_493730.wav,(fourteen) Right to Asylum in Other Countries from Persecution,Precious_nPpAHJbgMdj6eKqy
resampled_audio/pleshy_1/recorder_2024-04-11_13-53-02_943518.wav,Full and gainful employment for all above bodies Nigeria citizens,Precious_nPpAHJbgMdj6eKqy
resampled_audio/pleshy_1/recorder_2024-04-11_13-53-09_448565.wav,(one) define and explain the meaning of inter personal relationships,Precious_nPpAHJbgMdj6eKqy
resampled_audio/pleshy_1/recorder_2024-04-11_13-53-13_804787.wav,(four) It helps to reduce conflicts in the society,Precious_nPpAHJbgMdj6eKqy
resampled_audio/pleshy_1/recorder_2024-04-11_13-53-23_496346.wav,Some of the basic human rights are as follows,Precious_nPpAHJbgMdj6eKqy
resampled_audio/pleshy_1/recorder_2024-04-11_13-53-27_278488.wav,We the people of the Federal Republic of Nigeria,Precious_nPpAHJbgMdj6eKqy
resampled_audio/pleshy_1/recorder_2024-04-11_13-54-31_431652.wav,FEDERAL GOVERNMENT: As stated in federal system of government,Precious_nPpAHJbgMdj6eKqy
resampled_audio/pleshy_1/recorder_2024-04-11_13-54-50_646574.wav,(three) Psychological Trauma (four) Worry and Loss of Sleep,Precious_nPpAHJbgMdj6eKqy
resampled_audio/pleshy_1/recorder_2024-04-11_13-54-58_494631.wav,It registers political parties that present candidates for elections,Precious_nPpAHJbgMdj6eKqy
resampled_audio/pleshy_1/recorder_2024-04-11_13-55-03_795205.wav,A constitution is a legal document. True or false,Precious_nPpAHJbgMdj6eKqy
resampled_audio/pleshy_1/recorder_2024-04-11_13-56-41_003534.wav,WEEK (five) AND (six): MILITARY RULE IN NIGERIA HISTORICAL BACKGROUND,Precious_nPpAHJbgMdj6eKqy
resampled_audio/pleshy_1/recorder_2024-04-11_13-56-45_519344.wav,Topic : Marriage : Forms and Types of marriage,Precious_nPpAHJbgMdj6eKqy
resampled_audio/pleshy_1/recorder_2024-04-11_13-56-58_951770.wav,The following are the causes of murder and rape,Precious_nPpAHJbgMdj6eKqy
resampled_audio/pleshy_1/recorder_2024-04-11_13-57-03_592258.wav,"In such cases, some peoples’ right may be violated",Precious_nPpAHJbgMdj6eKqy
resampled_audio/pleshy_1/recorder_2024-04-11_13-57-08_526901.wav,Quicker decisions are madeThere is promotion of national unity,Precious_nPpAHJbgMdj6eKqy
resampled_audio/pleshy_1/recorder_2024-04-11_13-57-13_126932.wav,"for flushing, the toilet, for drinking, for watering plants",Precious_nPpAHJbgMdj6eKqy
resampled_audio/pleshy_1/recorder_2024-04-11_13-57-18_199106.wav,It defined citizenship and how it can be acquired,Precious_nPpAHJbgMdj6eKqy
resampled_audio/pleshy_1/recorder_2024-04-11_13-57-28_436101.wav,(eight) How can health talk help a drug addict,Precious_nPpAHJbgMdj6eKqy
resampled_audio/pleshy_1/recorder_2024-04-11_13-57-57_317726.wav,Characteristics of presidential system of government: merits & demerits,Precious_nPpAHJbgMdj6eKqy
resampled_audio/pleshy_1/recorder_2024-04-11_13-58-11_415019.wav,"(three) define and explain federalism, state and local government",Precious_nPpAHJbgMdj6eKqy
resampled_audio/pleshy_1/recorder_2024-04-11_13-58-17_680529.wav,(twenty nine) Community Duties Essential to Free and Full Development,Precious_nPpAHJbgMdj6eKqy
resampled_audio/pleshy_1/recorder_2024-04-11_13-58-28_554593.wav,A. Citizenship by Birth: The following are the ways,Precious_nPpAHJbgMdj6eKqy
resampled_audio/pleshy_1/recorder_2024-04-11_13-58-32_805641.wav,The roles of the extended family include the following,Precious_nPpAHJbgMdj6eKqy
resampled_audio/pleshy_1/recorder_2024-04-11_13-58-43_107240.wav,Reasons for the advent of the Europeans into Africa,Precious_nPpAHJbgMdj6eKqy
resampled_audio/pleshy_1/recorder_2024-04-11_13-58-56_645228.wav,(two) Communicate with the opposition (three) Brainstorm Possible Resolutions,Precious_nPpAHJbgMdj6eKqy
resampled_audio/pleshy_1/recorder_2024-04-11_13-59-21_503668.wav,"WEEK: FIVE,  TOPIC: POST nineteen sixty CONSTITUTION: nineteen sixty three REPUBLICAN CONSTITUTION",Precious_nPpAHJbgMdj6eKqy
resampled_audio/pleshy_1/recorder_2024-04-11_13-59-27_259983.wav,"WEEK SIX, TOPIC: EFFECTS OF DRUGS AND DRUG ABUSE",Precious_nPpAHJbgMdj6eKqy
resampled_audio/pleshy_1/recorder_2024-04-11_13-59-54_632782.wav,"The party had change, radical change as its watchword",Precious_nPpAHJbgMdj6eKqy
resampled_audio/pleshy_1/recorder_2024-04-11_14-01-09_621535.wav,He could be charged for slander and liber respectively,Precious_nPpAHJbgMdj6eKqy
resampled_audio/pleshy_1/recorder_2024-04-11_14-01-16_236472.wav,(one) Participation in election (two) Willingness to embrace democracy,Precious_nPpAHJbgMdj6eKqy
resampled_audio/pleshy_1/recorder_2024-04-11_14-01-26_152339.wav,He gets income from the business he runs personally,Precious_nPpAHJbgMdj6eKqy
resampled_audio/pleshy_1/recorder_2024-04-11_14-01-46_692195.wav,The Ogboni Fraternity was prominent among the Yoruba people,Precious_nPpAHJbgMdj6eKqy
resampled_audio/pleshy_1/recorder_2024-04-11_14-01-52_234251.wav,(B) Marriage between couple from different ethnic is called,Precious_nPpAHJbgMdj6eKqy
resampled_audio/pleshy_1/recorder_2024-04-11_14-01-57_749707.wav,Best materials are giving political appointments by the president,Precious_nPpAHJbgMdj6eKqy
resampled_audio/pleshy_1/recorder_2024-04-11_14-03-41_227651.wav,Nobel Laureate Wole Soyinka is also a notable example,Precious_nPpAHJbgMdj6eKqy
resampled_audio/pleshy_1/recorder_2024-04-11_14-03-48_403114.wav,"Examples of communal societies are villages, hamlets, camps, etc.",Precious_nPpAHJbgMdj6eKqy
resampled_audio/pleshy_1/recorder_2024-04-11_14-03-53_785230.wav,Indirect rule: (one) Meaning and reasons for its Adoption,Precious_nPpAHJbgMdj6eKqy
resampled_audio/pleshy_1/recorder_2024-04-11_14-03-59_376194.wav,DUAL CITIZENSHIP: A person shall forfeit his Nigerian citizenship,Precious_nPpAHJbgMdj6eKqy
resampled_audio/pleshy_1/recorder_2024-04-11_14-04-12_392173.wav,Lifting of ban on communist Literature by the government,Precious_nPpAHJbgMdj6eKqy
resampled_audio/pleshy_1/recorder_2024-04-11_14-04-17_608144.wav,ASSIGNMENT: How can we reduce political apathy in Nigeria,Precious_nPpAHJbgMdj6eKqy
resampled_audio/pleshy_1/recorder_2024-04-11_14-04-31_760215.wav,(one) Boldness : Every courageous person is always bold,Precious_nPpAHJbgMdj6eKqy
resampled_audio/pleshy_1/recorder_2024-04-11_14-04-36_791903.wav,In what year was Nigeria National Democratic Party formed,Precious_nPpAHJbgMdj6eKqy
resampled_audio/pleshy_1/recorder_2024-04-11_14-04-50_032967.wav,Meaning of contentment. Attributes of contentment Effects of lack of contentment,Precious_nPpAHJbgMdj6eKqy
resampled_audio/pleshy_1/recorder_2024-04-11_14-05-14_080091.wav,Federal and confederal merits and demerits of each type,Precious_nPpAHJbgMdj6eKqy
resampled_audio/pleshy_1/recorder_2024-04-11_14-05-29_723272.wav,Orderly conduct of examinations and avoidance of examination malpractices,Precious_nPpAHJbgMdj6eKqy
resampled_audio/pleshy_1/recorder_2024-04-11_14-05-37_072713.wav,"Lesson title: Capitalism, Sub lesson: Merits and dements of capitalism",Precious_nPpAHJbgMdj6eKqy
resampled_audio/pleshy_1/recorder_2024-04-11_14-05-45_637536.wav,"Vacuum Cleaner, Brush,Rake, Spade, Shovel, Parker, Bin Bag,Feather Duster",Precious_nPpAHJbgMdj6eKqy
resampled_audio/pleshy_1/recorder_2024-04-11_14-05-57_819115.wav,It fosters good health for individual and the society,Precious_nPpAHJbgMdj6eKqy
resampled_audio/pleshy_1/recorder_2024-04-11_14-06-02_171116.wav,The following are functions of political parties in Nigeria,Precious_nPpAHJbgMdj6eKqy
resampled_audio/pleshy_1/recorder_2024-04-11_14-06-06_152906.wav,(three) state the roles of mother in the family,Precious_nPpAHJbgMdj6eKqy
resampled_audio/pleshy_1/recorder_2024-04-11_14-06-10_318900.wav,(three) list four things that make up our culture,Precious_nPpAHJbgMdj6eKqy
resampled_audio/pleshy_1/recorder_2024-04-11_14-06-32_451970.wav,Heads of state sometimes acquire this sort of citizenship,Precious_nPpAHJbgMdj6eKqy
resampled_audio/pleshy_1/recorder_2024-04-11_14-06-44_007218.wav,It is not enough to have rules and regulations,Precious_nPpAHJbgMdj6eKqy
resampled_audio/pleshy_1/recorder_2024-04-11_14-06-57_492653.wav,SOCIAL STUDIES LESSON PLAN FOR SECOND TERM PRIMARY TWO,Precious_nPpAHJbgMdj6eKqy
resampled_audio/pleshy_1/recorder_2024-04-11_14-07-08_534019.wav,the meaning of seven core freedoms of the UDHR,Precious_nPpAHJbgMdj6eKqy
resampled_audio/pleshy_1/recorder_2024-04-11_14-07-12_415137.wav,Increase in the rate of crime in the country,Precious_nPpAHJbgMdj6eKqy
resampled_audio/pleshy_1/recorder_2024-04-11_14-07-16_554994.wav,Right to join any political party of one’s choice,Precious_nPpAHJbgMdj6eKqy
resampled_audio/pleshy_1/recorder_2024-04-11_14-07-21_947705.wav,These currencies are universally accepted as means of exchange,Precious_nPpAHJbgMdj6eKqy
resampled_audio/pleshy_1/recorder_2024-04-11_14-07-28_897936.wav,"For example the president, government, local government chairman, etc.",Precious_nPpAHJbgMdj6eKqy
resampled_audio/pleshy_1/recorder_2024-04-11_14-07-33_948162.wav,local brooms that is made of palm tree leaves,Precious_nPpAHJbgMdj6eKqy
resampled_audio/pleshy_1/recorder_2024-04-11_14-07-38_611903.wav,Special encouragement would be given to science and technology,Precious_nPpAHJbgMdj6eKqy
resampled_audio/pleshy_1/recorder_2024-04-11_14-07-44_114583.wav,THEORY: (one) State two functions of a political party,Precious_nPpAHJbgMdj6eKqy
resampled_audio/pleshy_1/recorder_2024-04-11_14-07-51_197620.wav,"WEEK one AND two, Topic: National Consciousness and Identity",Precious_nPpAHJbgMdj6eKqy
resampled_audio/pleshy_1/recorder_2024-04-11_14-07-57_470798.wav,(one) Diligence – Self reliance requires and involves diligence,Precious_nPpAHJbgMdj6eKqy
resampled_audio/pleshy_1/recorder_2024-04-11_14-08-02_852115.wav,How popular participation can guarantee employment are as follows,Precious_nPpAHJbgMdj6eKqy
resampled_audio/pleshy_1/recorder_2024-04-11_14-08-07_736790.wav,(two) photographs and pictures of victims of drug abuse,Precious_nPpAHJbgMdj6eKqy
resampled_audio/pleshy_1/recorder_2024-04-11_14-08-11_386839.wav,Crime can lead to drop out from the school,Precious_nPpAHJbgMdj6eKqy
resampled_audio/pleshy_1/recorder_2024-04-11_14-08-19_055292.wav,"Political activities include election, public opinion, civic responsibilities etc",Precious_nPpAHJbgMdj6eKqy
resampled_audio/pleshy_1/recorder_2024-04-11_14-08-23_050266.wav,(two) Write a short note on the supreme court,Precious_nPpAHJbgMdj6eKqy
resampled_audio/pleshy_1/recorder_2024-04-11_14-08-28_577340.wav,"An adage says ‘united we stand, divided we fall",Precious_nPpAHJbgMdj6eKqy
resampled_audio/pleshy_1/recorder_2024-04-11_14-08-33_818077.wav,(one) Mention what members of good family always do,Precious_nPpAHJbgMdj6eKqy
resampled_audio/pleshy_1/recorder_2024-04-11_14-08-47_558585.wav,Efforts were made to recover all looted public money,Precious_nPpAHJbgMdj6eKqy
resampled_audio/pleshy_1/recorder_2024-04-11_14-09-21_469568.wav,(two) enumerate and explain five types of interpersonal relations,Precious_nPpAHJbgMdj6eKqy
resampled_audio/pleshy_1/recorder_2024-04-11_14-09-25_849113.wav,TYPES OF JUSTICE. There are four types of justice,Precious_nPpAHJbgMdj6eKqy
resampled_audio/pleshy_1/recorder_2024-04-11_14-09-30_339813.wav,"So, in order to curb cultism, there should be",Precious_nPpAHJbgMdj6eKqy
resampled_audio/pleshy_1/recorder_2024-04-11_14-10-03_195729.wav,(seven) identify some of the drug laws from government,Precious_nPpAHJbgMdj6eKqy
resampled_audio/pleshy_1/recorder_2024-04-11_14-10-22_804340.wav,(one) It interprets the law (two) It settles disputes,Precious_nPpAHJbgMdj6eKqy
resampled_audio/pleshy_1/recorder_2024-04-11_14-10-28_178277.wav,(five) Refusal to join the fight against electoral malpractices,Precious_nPpAHJbgMdj6eKqy
resampled_audio/pleshy_1/recorder_2024-04-11_14-10-33_619287.wav,(six) Explain marriage  (seven) Mention two types of marriage,Precious_nPpAHJbgMdj6eKqy
resampled_audio/pleshy_1/recorder_2024-04-11_14-10-38_602452.wav,"Freedom of speech, Belief, want and Freedom from fear",Precious_nPpAHJbgMdj6eKqy
resampled_audio/pleshy_1/recorder_2024-04-11_14-10-43_335310.wav,Traditional laws and customs were used in the administration,Precious_nPpAHJbgMdj6eKqy
resampled_audio/pleshy_1/recorder_2024-04-11_14-10-48_000674.wav,It guarantees human rights where the constitution is supreme,Precious_nPpAHJbgMdj6eKqy
resampled_audio/pleshy_1/recorder_2024-04-11_14-11-10_026997.wav,ECONOMIC DEVELOPNMNENT: The interaction of nation’s facilities economic development,Precious_nPpAHJbgMdj6eKqy
resampled_audio/pleshy_1/recorder_2024-04-11_14-11-15_673958.wav,They end up having serious mental ill health especially madness,Precious_nPpAHJbgMdj6eKqy
resampled_audio/pleshy_1/recorder_2024-04-11_14-11-30_998762.wav,It co ordinates inter African co operation as directed by the Assembly,Precious_nPpAHJbgMdj6eKqy
resampled_audio/pleshy_1/recorder_2024-04-11_14-11-36_691346.wav,A unitary constitution is flexible and easy to amend,Precious_nPpAHJbgMdj6eKqy
resampled_audio/pleshy_1/recorder_2024-04-11_14-11-47_073037.wav,Who prepares food for every member of the family,Precious_nPpAHJbgMdj6eKqy
resampled_audio/pleshy_1/recorder_2024-04-11_14-11-51_957761.wav,(four) It protects the interest of the minority groups,Precious_nPpAHJbgMdj6eKqy
resampled_audio/pleshy_1/recorder_2024-04-11_14-11-57_057097.wav,The supreme court gives judicial interpretation of the constitution,Precious_nPpAHJbgMdj6eKqy
resampled_audio/pleshy_1/recorder_2024-04-11_14-12-01_748636.wav,The right to freedom of association and public meetings,Precious_nPpAHJbgMdj6eKqy
resampled_audio/pleshy_1/recorder_2024-04-11_14-12-15_481024.wav,The NPP organised its members at the following levels,Precious_nPpAHJbgMdj6eKqy
resampled_audio/pleshy_1/recorder_2024-04-11_14-12-25_743074.wav,What two things that  we use water for ?,Precious_nPpAHJbgMdj6eKqy
resampled_audio/pleshy_1/recorder_2024-04-11_14-12-31_438707.wav,They are well organized.They are financed through members’ contribution,Precious_nPpAHJbgMdj6eKqy
resampled_audio/pleshy_1/recorder_2024-04-11_14-12-36_045692.wav,(two) Explain the roles of the extended family members,Precious_nPpAHJbgMdj6eKqy
resampled_audio/pleshy_1/recorder_2024-04-11_14-13-56_806458.wav,Explain four characteristics of cult groups and their members,Precious_nPpAHJbgMdj6eKqy
resampled_audio/pleshy_1/recorder_2024-04-11_14-14-00_974928.wav,It encourages citizens to be more involved in voting,Precious_nPpAHJbgMdj6eKqy
resampled_audio/pleshy_1/recorder_2024-04-11_14-14-03_947046.wav,The Prime Minister was the head of the government,Precious_nPpAHJbgMdj6eKqy
resampled_audio/pleshy_1/recorder_2024-04-11_14-14-20_137848.wav,(two) State four features or attributes of a federation,Precious_nPpAHJbgMdj6eKqy
resampled_audio/pleshy_1/recorder_2024-04-11_14-14-24_182583.wav,It is a way of preserving our cultural identity,Precious_nPpAHJbgMdj6eKqy
resampled_audio/pleshy_1/recorder_2024-04-11_14-14-30_339455.wav,"(six) Establishment, equipping and training of traffic enforcement agency",Precious_nPpAHJbgMdj6eKqy
resampled_audio/pleshy_1/recorder_2024-04-11_14-14-34_864079.wav,Why is two party system adopted in some countries?,Precious_nPpAHJbgMdj6eKqy
resampled_audio/pleshy_1/recorder_2024-04-11_14-14-38_929875.wav,FACTORS LIMITING THE APPLICATION OF THE RULE OF LAW,Precious_nPpAHJbgMdj6eKqy
resampled_audio/pleshy_1/recorder_2024-04-11_14-14-44_671695.wav,(nine) Flexibility in labour markets (ten) Freedom of ownership,Precious_nPpAHJbgMdj6eKqy
resampled_audio/pleshy_1/recorder_2024-04-11_14-14-59_751964.wav,(three) state the origin and reasons for cult groups,Precious_nPpAHJbgMdj6eKqy
resampled_audio/pleshy_1/recorder_2024-04-11_14-15-03_970360.wav,These rights are usually written in the country’s constitution,Precious_nPpAHJbgMdj6eKqy
resampled_audio/pleshy_1/recorder_2024-04-11_14-15-08_077123.wav,It encouraged the formation of political parties in Nigeria,Precious_nPpAHJbgMdj6eKqy
resampled_audio/pleshy_1/recorder_2024-04-11_14-15-12_719217.wav,MEANS ADOPTED BY PRESSURE GROUPS TO ACHIEVE THEIR AIMS,Precious_nPpAHJbgMdj6eKqy
resampled_audio/pleshy_1/recorder_2024-04-11_14-15-17_519895.wav,Check expire dates on canned foods before eating them,Precious_nPpAHJbgMdj6eKqy
resampled_audio/pleshy_1/recorder_2024-04-11_14-15-22_434960.wav,(one) define and explain the goals of citizenship education,Precious_nPpAHJbgMdj6eKqy
resampled_audio/pleshy_1/recorder_2024-04-11_14-17-24_378443.wav,WEEK FOUR: THE THIRD AND FOURTH REPUBLICS POLITICAL PARTIES,Precious_nPpAHJbgMdj6eKqy
resampled_audio/pleshy_1/recorder_2024-04-11_14-17-28_053451.wav,Write four roles of the children in the family,Precious_nPpAHJbgMdj6eKqy
resampled_audio/pleshy_1/recorder_2024-04-11_14-17-34_178423.wav,Subject: Social Studies. Topic: Solution to over eating or drinking,Precious_nPpAHJbgMdj6eKqy
resampled_audio/pleshy_1/recorder_2024-04-11_14-17-38_977771.wav,The civil service also keeps official documents of government,Precious_nPpAHJbgMdj6eKqy
resampled_audio/pleshy_1/recorder_2024-04-11_14-17-44_069516.wav,these will ever discourage people to participate in politics,Precious_nPpAHJbgMdj6eKqy
resampled_audio/pleshy_1/recorder_2024-04-11_14-18-18_509646.wav,ASSIGNMENT: Explain five ways of reducing poverty in Nigeria,Precious_nPpAHJbgMdj6eKqy
resampled_audio/pleshy_1/recorder_2024-04-11_14-18-23_909134.wav,Delegated legislation is used in order to avoid rigidity,Precious_nPpAHJbgMdj6eKqy
resampled_audio/pleshy_1/recorder_2024-04-11_14-18-28_884295.wav,(three) It ensures progress and development in the society,Precious_nPpAHJbgMdj6eKqy
resampled_audio/pleshy_1/recorder_2024-04-11_14-18-43_284103.wav,(five) Artistic skills: this skill involves producing visual representation,Precious_nPpAHJbgMdj6eKqy
resampled_audio/pleshy_1/recorder_2024-04-11_14-18-55_972662.wav,Always pick up pieces of paper in our classrooms,Precious_nPpAHJbgMdj6eKqy
resampled_audio/pleshy_1/recorder_2024-04-11_14-18-59_962959.wav,It is against the principle of separation of powers,Precious_nPpAHJbgMdj6eKqy
resampled_audio/pleshy_1/recorder_2024-04-11_14-20-35_892456.wav,Regular supply of clean pipe borne water for all Nigerians,Precious_nPpAHJbgMdj6eKqy
resampled_audio/pleshy_1/recorder_2024-04-11_14-20-39_831119.wav,(nine) How can  prayer  help a drug addict,Precious_nPpAHJbgMdj6eKqy
resampled_audio/pleshy_1/recorder_2024-04-11_14-21-03_201417.wav,It does not suit a federal system of government,Precious_nPpAHJbgMdj6eKqy
resampled_audio/pleshy_1/recorder_2024-04-11_14-21-20_687205.wav,The executive arm can easily pocket a unicameral legislature,Precious_nPpAHJbgMdj6eKqy
resampled_audio/pleshy_1/recorder_2024-04-11_14-21-24_720130.wav,(two) state the roles of father in the family,Precious_nPpAHJbgMdj6eKqy
resampled_audio/pleshy_1/recorder_2024-04-11_14-21-41_296263.wav,It is based on age – long cultural practices,Precious_nPpAHJbgMdj6eKqy
resampled_audio/pleshy_1/recorder_2024-04-11_14-21-47_153683.wav,(one) define and explain capitalist democracy and its characteristics,Precious_nPpAHJbgMdj6eKqy
resampled_audio/pleshy_1/recorder_2024-04-11_14-21-56_697341.wav,Identify four ways of preventing electoral malpractices in Nigeria,Precious_nPpAHJbgMdj6eKqy
resampled_audio/pleshy_1/recorder_2024-04-11_14-22-07_102668.wav,Break down of law and order will be prevalent,Precious_nPpAHJbgMdj6eKqy
resampled_audio/pleshy_1/recorder_2024-04-11_14-22-20_618961.wav,The Nigerian Constitution can be sourced from the following,Precious_nPpAHJbgMdj6eKqy
resampled_audio/pleshy_1/recorder_2024-04-11_14-23-08_492371.wav,(three) Define Sovereignty (four) List the characteristics of Sovereignty,Precious_nPpAHJbgMdj6eKqy
resampled_audio/pleshy_1/recorder_2024-04-11_14-23-12_679294.wav,It is not suitable for a multi ethnic nation,Precious_nPpAHJbgMdj6eKqy
resampled_audio/pleshy_1/recorder_2024-04-11_14-23-20_634852.wav,The following are the causes of bribery and corruption,Precious_nPpAHJbgMdj6eKqy
resampled_audio/pleshy_1/recorder_2024-04-11_14-23-58_030451.wav,Adoption of a written constitution Supremacy of the central government,Precious_nPpAHJbgMdj6eKqy
resampled_audio/pleshy_1/recorder_2024-04-11_14-24-09_129899.wav,Synthetic brooms that is made of rubber or plastic,Precious_nPpAHJbgMdj6eKqy
resampled_audio/pleshy_1/recorder_2024-04-11_14-24-14_188180.wav,Monarchy does not accept the principle of popular sovereignty,Precious_nPpAHJbgMdj6eKqy
resampled_audio/pleshy_1/recorder_2024-04-11_14-24-18_894870.wav,The system is less expensive than the presidential system,Precious_nPpAHJbgMdj6eKqy
resampled_audio/pleshy_1/recorder_2024-04-11_14-24-23_961397.wav,(eleven) Right to be Considered Innocent until Proven Guilty,Precious_nPpAHJbgMdj6eKqy
resampled_audio/pleshy_1/recorder_2024-04-11_14-24-28_343791.wav,(three) mention the main functions and structures of government,Precious_nPpAHJbgMdj6eKqy
resampled_audio/pleshy_1/recorder_2024-04-11_14-25-40_763008.wav,(two) Socialism caters for the interest of all citizens,Precious_nPpAHJbgMdj6eKqy
resampled_audio/pleshy_1/recorder_2024-04-11_14-25-46_440135.wav,(three) Avoid buying medicines in buses or unauthorised stores,Precious_nPpAHJbgMdj6eKqy
resampled_audio/pleshy_1/recorder_2024-04-11_14-26-22_698530.wav,Membership of a nation based on laid down conditions,Precious_nPpAHJbgMdj6eKqy
resampled_audio/pleshy_1/recorder_2024-04-11_14-26-26_546504.wav,There are two types of electoral bodies in Nigeria,Precious_nPpAHJbgMdj6eKqy
resampled_audio/pleshy_1/recorder_2024-04-11_14-26-32_180581.wav,(one) To prepare students for leadership role To sustain democracy,Precious_nPpAHJbgMdj6eKqy
resampled_audio/pleshy_1/recorder_2024-04-11_14-27-15_783471.wav,This makes you discover how to do it better,Precious_nPpAHJbgMdj6eKqy
resampled_audio/pleshy_1/recorder_2024-04-11_14-27-22_327814.wav,"They are principles like time consciousness, honesty, discipline etc",Precious_nPpAHJbgMdj6eKqy
resampled_audio/pleshy_1/recorder_2024-04-11_14-27-27_166686.wav,He formulated social and economic policies for the colony,Precious_nPpAHJbgMdj6eKqy
resampled_audio/pleshy_1/recorder_2024-04-11_14-27-32_407316.wav,The Assembly discusses matters of common interest to Africa,Precious_nPpAHJbgMdj6eKqy
resampled_audio/pleshy_1/recorder_2024-04-11_14-27-38_976037.wav,(one) Expulsion (two) Violence (three) Murder (four) Spiritual problems,Precious_nPpAHJbgMdj6eKqy
resampled_audio/pleshy_1/recorder_2024-04-11_14-27-53_409315.wav,(one) State ten fundamental human rights in Nigerian Constitution,Precious_nPpAHJbgMdj6eKqy
resampled_audio/pleshy_1/recorder_2024-04-11_14-27-58_206623.wav,mention  two examples of objects that floats in air,Precious_nPpAHJbgMdj6eKqy
resampled_audio/pleshy_1/recorder_2024-04-11_14-28-03_024341.wav,Group roles in fighting drug abuse and trafficking,Precious_nPpAHJbgMdj6eKqy
resampled_audio/pleshy_1/recorder_2024-04-11_14-28-15_709240.wav,Cults have existed in Africa for a long time,Precious_nPpAHJbgMdj6eKqy
resampled_audio/pleshy_1/recorder_2024-04-11_14-28-35_072253.wav,To divide the country into constituencies or electoral districts,Precious_nPpAHJbgMdj6eKqy
resampled_audio/pleshy_1/recorder_2024-04-11_14-29-39_160080.wav,(six) Delirium (seven) Increased sociability (eight) Increased sex drive,Precious_nPpAHJbgMdj6eKqy
resampled_audio/pleshy_1/recorder_2024-04-11_14-29-54_791370.wav,Nigerians all and proud to serve Our sovereign motherland,Precious_nPpAHJbgMdj6eKqy
resampled_audio/pleshy_1/recorder_2024-04-11_14-29-59_617444.wav,Traditional marriage can take place anywhere in the community,Precious_nPpAHJbgMdj6eKqy
resampled_audio/pleshy_1/recorder_2024-04-11_14-30-03_689831.wav,List and explain solution of crime in the nation,Precious_nPpAHJbgMdj6eKqy
resampled_audio/pleshy_1/recorder_2024-04-11_14-30-09_500738.wav,Exposing the corrupt practices of corporate and political class,Precious_nPpAHJbgMdj6eKqy
resampled_audio/pleshy_1/recorder_2024-04-11_14-30-21_089410.wav,Mention four things that pose as food risk factors,Precious_nPpAHJbgMdj6eKqy
resampled_audio/pleshy_1/recorder_2024-04-11_14-30-25_589505.wav,What are the consequences of political apathy in Nigeria,Precious_nPpAHJbgMdj6eKqy
resampled_audio/pleshy_1/recorder_2024-04-11_14-31-31_856757.wav,"Pius Oleigbe, Olu Agunloye, Daig Imokuede and Tunji Tubi",Precious_nPpAHJbgMdj6eKqy
resampled_audio/pleshy_1/recorder_2024-04-11_14-31-37_304026.wav,Existence of Supreme Court for judicial interpretation and review,Precious_nPpAHJbgMdj6eKqy
resampled_audio/pleshy_1/recorder_2024-04-11_14-32-02_906923.wav,(ten) Constituted authority helps to maintain good interpersonal or inter communal relations,Precious_nPpAHJbgMdj6eKqy
resampled_audio/pleshy_1/recorder_2024-04-11_14-33-54_837103.wav,"SECOND TERM EXAMINATION TWENTY TWENTY ,CLASS: PRIMARY ONE SUBJECT: SOCIAL STUDIES",Precious_nPpAHJbgMdj6eKqy
resampled_audio/pleshy_1/recorder_2024-04-11_14-34-17_941372.wav,There is reduction in running the cost of government,Precious_nPpAHJbgMdj6eKqy
resampled_audio/pleshy_1/recorder_2024-04-11_14-34-31_485518.wav,Responsible employers do not offer cult members employment,Precious_nPpAHJbgMdj6eKqy
resampled_audio/pleshy_1/recorder_2024-04-11_14-34-37_326052.wav,"WEEK FOUR Citizenship : Meaning, ways of acquiring Citizenship",Precious_nPpAHJbgMdj6eKqy
resampled_audio/pleshy_1/recorder_2024-04-11_14-34-41_558820.wav,The military do not tolerate any kind of opposition,Precious_nPpAHJbgMdj6eKqy
resampled_audio/pleshy_1/recorder_2024-04-11_14-34-52_916248.wav,People are punished deservedly and everybody is treated fairly,Precious_nPpAHJbgMdj6eKqy
resampled_audio/pleshy_1/recorder_2024-04-11_14-34-58_365109.wav,It failed to release chief MKO Abiola from detention,Precious_nPpAHJbgMdj6eKqy
resampled_audio/pleshy_1/recorder_2024-04-11_14-35-04_124808.wav,"Punishment: A penalty to punish wrongdoing, especially for crime",Precious_nPpAHJbgMdj6eKqy
resampled_audio/pleshy_1/recorder_2024-04-11_14-35-23_184989.wav,Europeans dominated the legislative council at the Execution level,Precious_nPpAHJbgMdj6eKqy
resampled_audio/pleshy_1/recorder_2024-04-11_14-36-19_035475.wav,(one) Revision of last term’s work (two) Popular participation,Precious_nPpAHJbgMdj6eKqy
resampled_audio/pleshy_1/recorder_2024-04-11_14-36-24_753278.wav,Identify the features of the Clifford Constitution of nineteen twenty two,Precious_nPpAHJbgMdj6eKqy
resampled_audio/pleshy_1/recorder_2024-04-11_14-36-29_384498.wav,FUNCTIONS OF THE BRITISH COLONIAL GOVERNOR IN WEST AFRICA,Precious_nPpAHJbgMdj6eKqy
resampled_audio/pleshy_1/recorder_2024-04-11_14-36-34_659228.wav,An unwritten constitution makes for easy and quick decisions,Precious_nPpAHJbgMdj6eKqy
resampled_audio/pleshy_1/recorder_2024-04-11_14-37-12_235159.wav,(two) VALUE – Definition of values and its source,Precious_nPpAHJbgMdj6eKqy
resampled_audio/pleshy_1/recorder_2024-04-11_14-37-16_983097.wav,The rights of citizens were fully guaranteed and entrenched,Precious_nPpAHJbgMdj6eKqy
resampled_audio/pleshy_1/recorder_2024-04-11_14-37-21_722322.wav,The Assembly appoints the Secretary General of the organization,Precious_nPpAHJbgMdj6eKqy
resampled_audio/pleshy_1/recorder_2024-04-11_14-37-25_551814.wav,Browsing to locate public service and their works,Precious_nPpAHJbgMdj6eKqy
resampled_audio/pleshy_1/recorder_2024-04-11_14-37-30_238662.wav,(three) Makes one an irresponsible member of the family,Precious_nPpAHJbgMdj6eKqy
resampled_audio/pleshy_1/recorder_2024-04-11_14-37-34_596761.wav,The human right is not earned purchased or inherited,Precious_nPpAHJbgMdj6eKqy
resampled_audio/pleshy_1/recorder_2024-04-11_14-37-42_430678.wav,CONTENT: Concept of Elections. Concept of a Voter. Types of Elections.,Precious_nPpAHJbgMdj6eKqy
resampled_audio/pleshy_1/recorder_2024-04-11_14-37-48_463698.wav,Parochial practices in employment due to lack of trust,Precious_nPpAHJbgMdj6eKqy
resampled_audio/pleshy_1/recorder_2024-04-11_14-38-02_881997.wav,"(three) define and explain federalism, state and local governments",Precious_nPpAHJbgMdj6eKqy
resampled_audio/pleshy_1/recorder_2024-04-11_14-38-15_670522.wav,(two) Explain briefly the processes of discovering your talents,Precious_nPpAHJbgMdj6eKqy
resampled_audio/pleshy_1/recorder_2024-04-11_14-38-21_504061.wav,(seven) Free trade (eight) Little or no government interference,Precious_nPpAHJbgMdj6eKqy
resampled_audio/pleshy_1/recorder_2024-04-11_14-38-26_601697.wav,(six) It promotes the good image of the people,Precious_nPpAHJbgMdj6eKqy
resampled_audio/pleshy_1/recorder_2024-04-11_14-38-36_022151.wav,"(four) Faithfulness to partners, etc. (five) Stigmatization of PLWHA",Precious_nPpAHJbgMdj6eKqy
resampled_audio/pleshy_1/recorder_2024-04-11_14-38-43_484873.wav,(one) Consumer Association (two) Standard Organisation of Nigeria (SON),Precious_nPpAHJbgMdj6eKqy
resampled_audio/pleshy_1/recorder_2024-04-11_14-38-47_260608.wav,That is they always stick to those qualities,Precious_nPpAHJbgMdj6eKqy
resampled_audio/pleshy_1/recorder_2024-04-11_14-38-50_533905.wav,State three roles of the children in the family,Precious_nPpAHJbgMdj6eKqy
resampled_audio/pleshy_1/recorder_2024-04-11_14-38-55_526799.wav,(seven) Issuance of driver’s license to only qualify drivers,Precious_nPpAHJbgMdj6eKqy
resampled_audio/pleshy_1/recorder_2024-04-11_14-41-58_314514.wav,Drug Abusers always take clues from friends and family,Precious_nPpAHJbgMdj6eKqy
resampled_audio/pleshy_1/recorder_2024-04-11_14-42-02_182261.wav,Write out four ways  of helping a drug addict,Precious_nPpAHJbgMdj6eKqy
resampled_audio/pleshy_1/recorder_2024-04-11_14-42-07_023076.wav,(two) state and discuss the roles of responsible parents,Precious_nPpAHJbgMdj6eKqy
resampled_audio/pleshy_1/recorder_2024-04-11_14-42-11_714368.wav,Mention four effects of taking substances into our body,Precious_nPpAHJbgMdj6eKqy
resampled_audio/pleshy_1/recorder_2024-04-11_14-42-16_522823.wav,(one) Define power (two) State the forms of power,Precious_nPpAHJbgMdj6eKqy
resampled_audio/pleshy_1/recorder_2024-04-11_14-42-21_070970.wav,(three) Nephew: The son of one’s brother or sister,Precious_nPpAHJbgMdj6eKqy
resampled_audio/pleshy_1/recorder_2024-04-11_14-42-25_497629.wav,An honest person stands to have the following benefits,Precious_nPpAHJbgMdj6eKqy
resampled_audio/pleshy_1/recorder_2024-04-11_14-42-32_512570.wav,(six) Support environmental programs (seven) Reach children in conflict,Precious_nPpAHJbgMdj6eKqy
resampled_audio/pleshy_1/recorder_2024-04-11_14-42-36_228027.wav,They are the law making body of the government,Precious_nPpAHJbgMdj6eKqy
resampled_audio/pleshy_1/recorder_2024-04-11_14-42-42_171868.wav,(two) Ensure traffic lights are erected at strategic locations,Precious_nPpAHJbgMdj6eKqy
resampled_audio/pleshy_1/recorder_2024-04-11_14-42-47_255800.wav,Dynamic foreign policy and better life for all Nigerians,Precious_nPpAHJbgMdj6eKqy
resampled_audio/pleshy_1/recorder_2024-04-11_14-42-51_846603.wav,(two) state and discuss the roles of responsible parents,Precious_nPpAHJbgMdj6eKqy
resampled_audio/pleshy_1/recorder_2024-04-11_14-43-21_090115.wav,The roles of agencies for protection of human rights,Precious_nPpAHJbgMdj6eKqy
resampled_audio/pleshy_1/recorder_2024-04-11_14-43-27_344602.wav,(two) explain physical environment (three) explain the area of focus,Precious_nPpAHJbgMdj6eKqy
resampled_audio/pleshy_1/recorder_2024-04-11_14-43-33_676255.wav,"Types of values continued – integrity, faithfulness self control",Precious_nPpAHJbgMdj6eKqy
resampled_audio/pleshy_1/recorder_2024-04-11_14-43-41_768253.wav,Mismanagement of the national economy e.g Alhaji Shehu Shagari,Precious_nPpAHJbgMdj6eKqy
resampled_audio/pleshy_1/recorder_2024-04-11_14-44-20_598831.wav,(ten) There is also proliferation of arms and ammunitions,Precious_nPpAHJbgMdj6eKqy
resampled_audio/pleshy_1/recorder_2024-04-11_14-49-22_984710.wav,The nineteen seventy nine constitution introduced the presidential system of government,Precious_nPpAHJbgMdj6eKqy
resampled_audio/pleshy_1/recorder_2024-04-11_14-49-57_191456.wav,"Definition of authority and types, Meaning of constituted authority",Precious_nPpAHJbgMdj6eKqy
resampled_audio/pleshy_1/recorder_2024-04-11_14-50-36_515164.wav,It was the first constitution fully made by Nigerians,Precious_nPpAHJbgMdj6eKqy
resampled_audio/pleshy_1/recorder_2024-04-11_14-50-41_888136.wav,Civil society: Meaning and examples of civil society,Precious_nPpAHJbgMdj6eKqy
resampled_audio/pleshy_1/recorder_2024-04-11_14-51-05_683138.wav,"WEEK SIX: Respect for constituted authority. Meaning, Types,  Importance",Precious_nPpAHJbgMdj6eKqy
resampled_audio/pleshy_3/recorder_2024-04-15_13-14-59_243293.wav,"COMMON CRIMES, DEALING IN FAKE DRUGS, CULTISM AND DRUG ABUSE",Precious_75yvkPFujcbLrv7P
resampled_audio/pleshy_3/recorder_2024-04-15_13-15-19_506925.wav,Bravery: is the preparedness to face danger for a purpose,Precious_75yvkPFujcbLrv7P
resampled_audio/pleshy_3/recorder_2024-04-15_13-15-27_024532.wav,"(twelve) Freedom from Interference with Privacy, Family, Home and Correspondence",Precious_75yvkPFujcbLrv7P
resampled_audio/pleshy_3/recorder_2024-04-15_13-15-32_580030.wav,It also provides employment opportunities to members of the public,Precious_75yvkPFujcbLrv7P
resampled_audio/pleshy_3/recorder_2024-04-15_13-16-33_759061.wav,It can also be explained to be an involuntary idleness,Precious_75yvkPFujcbLrv7P
resampled_audio/pleshy_3/recorder_2024-04-15_13-16-49_035142.wav,"WEEK TOPIC, ONE REVISION OF SS ONE WORK, TWO CITIZENSHIP EDUCATION",Precious_75yvkPFujcbLrv7P
resampled_audio/pleshy_3/recorder_2024-04-15_13-16-54_309040.wav,The issue of granting independence to Nigeria was also discussed,Precious_75yvkPFujcbLrv7P
resampled_audio/pleshy_3/recorder_2024-04-15_13-16-58_698396.wav,Government should rule in accordance to law of the country,Precious_75yvkPFujcbLrv7P
resampled_audio/pleshy_3/recorder_2024-04-15_13-17-04_368542.wav,Vigilance involves being conscious of the happenings within the environment,Precious_75yvkPFujcbLrv7P
resampled_audio/pleshy_3/recorder_2024-04-15_13-17-11_677280.wav,"INTERDEPENDENCE OF NATIONS: THE NEEDS FOR INTERACTIONS, MERITS AND DEMERITS",Precious_75yvkPFujcbLrv7P
resampled_audio/pleshy_3/recorder_2024-04-15_13-17-22_505675.wav,There should be no sacred cow when judgment is given,Precious_75yvkPFujcbLrv7P
resampled_audio/pleshy_3/recorder_2024-04-15_13-17-28_124247.wav,(one) explain the meaning of seven core freedoms of UDHR,Precious_75yvkPFujcbLrv7P
resampled_audio/pleshy_3/recorder_2024-04-15_13-17-36_018158.wav,"(one) Vandalization of government property (two) Drug abuse, child abuse/labour",Precious_75yvkPFujcbLrv7P
resampled_audio/pleshy_3/recorder_2024-04-15_13-17-42_152794.wav,(four) Members are economically and socially self sufficient in their needs,Precious_75yvkPFujcbLrv7P
resampled_audio/pleshy_3/recorder_2024-04-15_13-18-14_483724.wav,THEORY: What are the weaknesses of the nineteen sixty three republican constitution?,Precious_75yvkPFujcbLrv7P
resampled_audio/pleshy_3/recorder_2024-04-15_13-18-18_492738.wav,The military are not trained in the act of governance,Precious_75yvkPFujcbLrv7P
resampled_audio/pleshy_3/recorder_2024-04-15_13-18-23_650496.wav,(four) The Federal Executive Council is headed by the President,Precious_75yvkPFujcbLrv7P
resampled_audio/pleshy_3/recorder_2024-04-15_13-22-22_468100.wav,They set high academic and moral standards for their members,Precious_75yvkPFujcbLrv7P
resampled_audio/pleshy_3/recorder_2024-04-15_13-22-27_720381.wav,Aguiyi Ironsi later took over position of the Head of state,Precious_75yvkPFujcbLrv7P
resampled_audio/pleshy_3/recorder_2024-04-15_13-22-41_028155.wav,(one) Written and unwritten constitution (two) Flexible and Rigid Constitution,Precious_75yvkPFujcbLrv7P
resampled_audio/pleshy_3/recorder_2024-04-15_13-22-45_795775.wav,Previous Knowledge : The pupils have been taught Drug Abuse,Precious_75yvkPFujcbLrv7P
resampled_audio/pleshy_3/recorder_2024-04-15_13-22-49_909308.wav,It gives room for a faster process of law making,Precious_75yvkPFujcbLrv7P
resampled_audio/pleshy_3/recorder_2024-04-15_13-23-03_795587.wav,"Cleaning spray, Dust pan, Rubber gloves, Rubbish bin, Toilet Brush",Precious_75yvkPFujcbLrv7P
resampled_audio/pleshy_3/recorder_2024-04-15_13-23-26_887396.wav,Journalists have also used the pen to fight military oppression,Precious_75yvkPFujcbLrv7P
resampled_audio/pleshy_3/recorder_2024-04-15_13-23-41_761610.wav,There were bomb blasts in several parts of the country,Precious_75yvkPFujcbLrv7P
resampled_audio/pleshy_3/recorder_2024-04-15_13-24-04_960504.wav,Even both Primary Secondary Schools are not free from it,Precious_75yvkPFujcbLrv7P
resampled_audio/pleshy_3/recorder_2024-04-15_13-24-09_728090.wav,It created for the first time the House of Representatives,Precious_75yvkPFujcbLrv7P
resampled_audio/pleshy_3/recorder_2024-04-15_13-26-22_429820.wav,Such declarations usually come during the period of civil unrest,Precious_75yvkPFujcbLrv7P
resampled_audio/pleshy_3/recorder_2024-04-15_13-26-29_139380.wav,Ways by which Nigeria maintains Friendly Relations with African States,Precious_75yvkPFujcbLrv7P
resampled_audio/pleshy_3/recorder_2024-04-15_13-26-37_606979.wav,SECOND TERM EXAMINATION TWENTY TWENTY CLASS: PRIMARY TWO SUBJECT: VERBAL REASONING,Precious_75yvkPFujcbLrv7P
resampled_audio/pleshy_3/recorder_2024-04-15_13-26-44_714659.wav,"Differences between authority and constituted authority, Types of constituted authority",Precious_75yvkPFujcbLrv7P
resampled_audio/pleshy_3/recorder_2024-04-15_13-26-50_297609.wav,Religious authority: This kind of leadership is based on religions,Precious_75yvkPFujcbLrv7P
resampled_audio/pleshy_3/recorder_2024-04-15_13-26-54_940710.wav,The ways they live is called their ways of life,Precious_75yvkPFujcbLrv7P
resampled_audio/pleshy_3/recorder_2024-04-15_13-26-59_863490.wav,There is room for greater political development at the grassroots,Precious_75yvkPFujcbLrv7P
resampled_audio/pleshy_3/recorder_2024-04-15_13-27-05_764161.wav,Offenders should be tried publicly without any form of secrecy,Precious_75yvkPFujcbLrv7P
resampled_audio/pleshy_3/recorder_2024-04-15_13-27-11_940839.wav,(nine) Constituted authority ensures stability and continuity in the society,Precious_75yvkPFujcbLrv7P
resampled_audio/pleshy_3/recorder_2024-04-15_13-27-17_697290.wav,This body has been conducting elections in Nigeria since nineteen ninety nine,Precious_75yvkPFujcbLrv7P
resampled_audio/pleshy_3/recorder_2024-04-15_13-27-22_897319.wav,It created bi cameral legislature for both West and North regions,Precious_75yvkPFujcbLrv7P
resampled_audio/pleshy_3/recorder_2024-04-15_13-27-28_205440.wav,(fifteen) Right to a Nationality and Freedom to Change It,Precious_75yvkPFujcbLrv7P
resampled_audio/pleshy_3/recorder_2024-04-15_13-27-32_913263.wav,This is a type of food that is un hygienically prepared,Precious_75yvkPFujcbLrv7P
resampled_audio/pleshy_3/recorder_2024-04-15_13-27-37_863793.wav,It prevent unnecessary conflict among the people in the society,Precious_75yvkPFujcbLrv7P
resampled_audio/pleshy_3/recorder_2024-04-15_13-28-09_164476.wav,(five) Enactment of laws to cater for emerging traffic challenges,Precious_75yvkPFujcbLrv7P
resampled_audio/pleshy_3/recorder_2024-04-15_13-28-14_672587.wav,They derive the powers they exercise from the central government,Precious_75yvkPFujcbLrv7P
resampled_audio/pleshy_3/recorder_2024-04-15_13-28-19_504021.wav,Good children always assist parents to do chores at home,Precious_75yvkPFujcbLrv7P
resampled_audio/pleshy_3/recorder_2024-04-15_13-29-42_164711.wav,"This prohibits the cultivation, trafficking and consumption of Indian hemp",Precious_75yvkPFujcbLrv7P
resampled_audio/pleshy_3/recorder_2024-04-15_13-30-13_080730.wav,(five) It has powers to impeach the President if necessary,Precious_75yvkPFujcbLrv7P
resampled_audio/pleshy_3/recorder_2024-04-15_13-30-26_616727.wav,(one) Obedience to law (two) Pay tax and rate regularly,Precious_75yvkPFujcbLrv7P
resampled_audio/pleshy_3/recorder_2024-04-15_13-30-32_064013.wav,Inter communal societies have their gains as well as their challenges,Precious_75yvkPFujcbLrv7P
resampled_audio/pleshy_3/recorder_2024-04-15_13-30-36_313852.wav,Every leader needs power and authority in order to rule,Precious_75yvkPFujcbLrv7P
resampled_audio/pleshy_3/recorder_2024-04-15_13-30-48_514246.wav,The minimum qualification for major political offices was school certificate,Precious_75yvkPFujcbLrv7P
resampled_audio/pleshy_3/recorder_2024-04-15_13-30-53_197806.wav,Truthfulness: This is the act of telling the truth always,Precious_75yvkPFujcbLrv7P
resampled_audio/pleshy_3/recorder_2024-04-15_13-31-09_686163.wav,No thanks to the famous Aba women riot of nineteen twenty nine,Precious_75yvkPFujcbLrv7P
resampled_audio/pleshy_3/recorder_2024-04-15_13-33-11_067047.wav,It established a new executive council for the whole country,Precious_75yvkPFujcbLrv7P
resampled_audio/pleshy_3/recorder_2024-04-15_13-33-15_448764.wav,Each tier of government has the three arms of government,Precious_75yvkPFujcbLrv7P
resampled_audio/pleshy_3/recorder_2024-04-15_13-33-20_648538.wav,(one) Describe one way of settling dispute in advanced society,Precious_75yvkPFujcbLrv7P
resampled_audio/pleshy_3/recorder_2024-04-15_13-33-30_758347.wav,(two) list and explain at least four of the seven,Precious_75yvkPFujcbLrv7P
resampled_audio/pleshy_3/recorder_2024-04-15_13-33-35_530462.wav,Such principles are highly appreciated by people in the society,Precious_75yvkPFujcbLrv7P
resampled_audio/pleshy_3/recorder_2024-04-15_13-33-46_348844.wav,"For example, a parent’s duty to his children at school",Precious_75yvkPFujcbLrv7P
resampled_audio/pleshy_3/recorder_2024-04-15_13-34-11_492436.wav,(one) Mention four effects of undeveloped skill on the family,Precious_75yvkPFujcbLrv7P
resampled_audio/pleshy_3/recorder_2024-04-15_13-34-34_266699.wav,"(one) Eating unripe fruits like mangoes , oranges or banana",Precious_75yvkPFujcbLrv7P
resampled_audio/pleshy_3/recorder_2024-04-15_13-34-45_284809.wav,She played an important role in the formation of ECOWAS,Precious_75yvkPFujcbLrv7P
resampled_audio/pleshy_3/recorder_2024-04-15_13-34-52_497963.wav,"Scrubber brush, Pipe cleaning cleaner, Dusting clothes, Mop, Dust bin",Precious_75yvkPFujcbLrv7P
resampled_audio/pleshy_3/recorder_2024-04-15_13-38-05_795476.wav,A written constitution removes ambiguity normally experienced with unwritten constitution,Precious_75yvkPFujcbLrv7P
resampled_audio/pleshy_3/recorder_2024-04-15_13-38-10_469012.wav,Their intelligence would be used negatively to achieve their aims,Precious_75yvkPFujcbLrv7P
resampled_audio/pleshy_3/recorder_2024-04-15_13-38-16_370609.wav,ASSIGNMENT: Explain five roles of a patriotic citizens in Nigeria,Precious_75yvkPFujcbLrv7P
resampled_audio/pleshy_3/recorder_2024-04-15_13-38-37_727938.wav,"Poor storage facilities, Contamination, Poor specie of seeds planted",Precious_75yvkPFujcbLrv7P
resampled_audio/pleshy_3/recorder_2024-04-15_13-38-43_376280.wav,"WEEK TWO, TOPIC: IMPORTANCE OF ELECTIONS IN A DEMOCRATIC SOCIETY",Precious_75yvkPFujcbLrv7P
resampled_audio/pleshy_3/recorder_2024-04-15_13-38-59_927939.wav,(ten) WHY LEADERS FAIL TO PROTECT THE INTEREST OF FOLLOWERS,Precious_75yvkPFujcbLrv7P
resampled_audio/pleshy_3/recorder_2024-04-15_13-39-04_559919.wav,(three) list out places where these marriages are carried out,Precious_75yvkPFujcbLrv7P
resampled_audio/pleshy_3/recorder_2024-04-15_13-39-08_853029.wav,(two) It encourages the spirit of unity in the society,Precious_75yvkPFujcbLrv7P
resampled_audio/pleshy_3/recorder_2024-04-15_13-39-19_395480.wav,Withdrawal of citizenship can occur if: there is dual citizenship,Precious_75yvkPFujcbLrv7P
resampled_audio/pleshy_3/recorder_2024-04-15_13-40-09_238755.wav,(seven) YOUTH EMPOWERMENT –Definition of the concept of youth empowerment,Precious_75yvkPFujcbLrv7P
resampled_audio/pleshy_3/recorder_2024-04-15_13-40-13_193073.wav,Good children do not steal or tell lies at home,Precious_75yvkPFujcbLrv7P
resampled_audio/pleshy_3/recorder_2024-04-15_13-40-16_953973.wav,Laws are made according to the constitution of a country,Precious_75yvkPFujcbLrv7P
resampled_audio/pleshy_3/recorder_2024-04-15_13-40-21_168260.wav,(four) The environment is free from odour and bad smell,Precious_75yvkPFujcbLrv7P
resampled_audio/pleshy_3/recorder_2024-04-15_13-40-24_742887.wav,It helps in maintaining law and order in the society,Precious_75yvkPFujcbLrv7P
resampled_audio/pleshy_3/recorder_2024-04-15_13-40-48_451694.wav,Traditional laws and customs were not used in the administration,Precious_75yvkPFujcbLrv7P
resampled_audio/pleshy_3/recorder_2024-04-15_13-41-56_579255.wav,It includes the aims and objectives of a political party,Precious_75yvkPFujcbLrv7P
resampled_audio/pleshy_3/recorder_2024-04-15_13-42-13_421968.wav,(one) Through elections (two) Through heredity like in African tradition,Precious_75yvkPFujcbLrv7P
resampled_audio/pleshy_3/recorder_2024-04-15_13-42-19_755437.wav,(one) explain the meaning of representative democracy and its characteristics,Precious_75yvkPFujcbLrv7P
resampled_audio/pleshy_3/recorder_2024-04-15_13-42-26_106632.wav,THEME – CITIZENSHIP TOPIC ONE – GOALS OF CITIZENSHIP EDUCATION,Precious_75yvkPFujcbLrv7P
resampled_audio/pleshy_3/recorder_2024-04-15_13-42-35_263165.wav,It has its foundation in most religions of the world,Precious_75yvkPFujcbLrv7P
resampled_audio/pleshy_3/recorder_2024-04-15_13-42-48_205508.wav,(one) Capitalism is self regulating (two) It encourages hard work,Precious_75yvkPFujcbLrv7P
resampled_audio/pleshy_3/recorder_2024-04-15_13-42-55_054286.wav,"It comply standards, guidelines and specification for production and importation",Precious_75yvkPFujcbLrv7P
resampled_audio/pleshy_3/recorder_2024-04-15_13-43-31_871510.wav,(one) Trade and commerce was the driving force of colonialism,Precious_75yvkPFujcbLrv7P
resampled_audio/pleshy_3/recorder_2024-04-15_13-43-42_131159.wav,Considering other road users and put their safety in mind,Precious_75yvkPFujcbLrv7P
resampled_audio/pleshy_3/recorder_2024-04-15_13-43-46_137355.wav,All these have made people to be indifferent to politics,Precious_75yvkPFujcbLrv7P
resampled_audio/pleshy_3/recorder_2024-04-15_13-43-50_468861.wav,"The voting during election must be one man, one vote",Precious_75yvkPFujcbLrv7P
resampled_audio/pleshy_3/recorder_2024-04-15_13-43-55_462848.wav,Government is kept far away from the people unlike federalism,Precious_75yvkPFujcbLrv7P
resampled_audio/pleshy_3/recorder_2024-04-15_13-44-00_845373.wav,Previous Knowledge: The pupils have been taught Importance of Greetings,Precious_75yvkPFujcbLrv7P
resampled_audio/pleshy_3/recorder_2024-04-15_13-44-18_745982.wav,EMPLOYMENT– means to be engaged in a job or occupation,Precious_75yvkPFujcbLrv7P
resampled_audio/pleshy_3/recorder_2024-04-15_13-44-43_922778.wav,(one) Define Legitimacy (two) State the factors that affect legitimacy,Precious_75yvkPFujcbLrv7P
resampled_audio/pleshy_3/recorder_2024-04-15_13-44-48_579829.wav,Respect – This is treating everyone including you with dignity,Precious_75yvkPFujcbLrv7P
resampled_audio/pleshy_3/recorder_2024-04-15_13-44-53_353620.wav,(three) They maintained law and order by establishing police force,Precious_75yvkPFujcbLrv7P
resampled_audio/pleshy_3/recorder_2024-04-15_13-50-49_419636.wav,THEORY: Define electoral malpractices. Mention three solutions to electoral malpractices.,Precious_75yvkPFujcbLrv7P
resampled_audio/pleshy_3/recorder_2024-04-15_13-51-13_894181.wav,(four) Empower a girl or woman (four) Improve childhood nutrition,Precious_75yvkPFujcbLrv7P
resampled_audio/pleshy_3/recorder_2024-04-15_13-51-24_983804.wav,(two) identify at least five common illnesses in your community,Precious_75yvkPFujcbLrv7P
resampled_audio/pleshy_3/recorder_2024-04-15_13-51-29_783995.wav,Previous Knowledge: The pupils have been taught effects of  overdose,Precious_75yvkPFujcbLrv7P
resampled_audio/pleshy_3/recorder_2024-04-15_13-51-37_601193.wav,Role of Citizen’s in constitutional development Process of constitutional development,Precious_75yvkPFujcbLrv7P
resampled_audio/pleshy_3/recorder_2024-04-15_13-51-42_417484.wav,(two) Playing with electric plugs and sockets in the house,Precious_75yvkPFujcbLrv7P
resampled_audio/pleshy_3/recorder_2024-04-15_13-51-47_275123.wav,(nine) To ensure that roads are traffic free for users,Precious_75yvkPFujcbLrv7P
resampled_audio/pleshy_3/recorder_2024-04-15_13-52-23_035012.wav,Falsehood is an untrue statement or the act of lying,Precious_75yvkPFujcbLrv7P
resampled_audio/pleshy_3/recorder_2024-04-15_13-52-27_843492.wav,Write out five advantages of living in a clean environment,Precious_75yvkPFujcbLrv7P
resampled_audio/pleshy_3/recorder_2024-04-15_13-52-58_351720.wav,The duties of parents start immediately the child is conceived,Precious_75yvkPFujcbLrv7P
resampled_audio/pleshy_3/recorder_2024-04-15_13-53-03_694864.wav,(b) State six reasons for popular participation in the society,Precious_75yvkPFujcbLrv7P
resampled_audio/pleshy_3/recorder_2024-04-15_13-53-18_145047.wav,(one) Coercive Measures (two) Embargo (three) Blockade (four) Foreign Aid,Precious_75yvkPFujcbLrv7P
resampled_audio/pleshy_3/recorder_2024-04-15_13-53-30_336861.wav,(one) Indirect rule used the existing traditional system of administration,Precious_75yvkPFujcbLrv7P
resampled_audio/pleshy_3/recorder_2024-04-15_13-53-42_653531.wav,"The road users include motorist, pedestrians, cyclists, motorcyclists and passengers",Precious_75yvkPFujcbLrv7P
resampled_audio/pleshy_3/recorder_2024-04-15_13-57-01_053743.wav,(one) the national flag and (two) the coat of arms,Precious_75yvkPFujcbLrv7P
resampled_audio/pleshy_3/recorder_2024-04-15_13-57-06_478510.wav,List four country that records the highest incidence of fraud,Precious_75yvkPFujcbLrv7P
resampled_audio/pleshy_3/recorder_2024-04-15_13-57-11_978172.wav,(three) State four consequences of dishonesty and explain any two,Precious_75yvkPFujcbLrv7P
resampled_audio/pleshy_3/recorder_2024-04-15_13-57-25_121909.wav,(ten) Cooperating with other relevant bodies in ensuring traffic regulations,Precious_75yvkPFujcbLrv7P
resampled_audio/pleshy_3/recorder_2024-04-15_13-57-31_346951.wav,(four) Hatred or Greed (five) Abhorrence or hatred for corruption,Precious_75yvkPFujcbLrv7P
resampled_audio/pleshy_3/recorder_2024-04-15_13-57-36_712889.wav,To educate the citizens about government activities in the society,Precious_75yvkPFujcbLrv7P
resampled_audio/pleshy_3/recorder_2024-04-15_13-57-42_170507.wav,Majority of the people engage in primary activities e.g. farming,Precious_75yvkPFujcbLrv7P
resampled_audio/pleshy_3/recorder_2024-04-15_13-57-58_304349.wav,There were premiers in the three regions that were Nigerians,Precious_75yvkPFujcbLrv7P
resampled_audio/pleshy_3/recorder_2024-04-15_13-58-02_293086.wav,(five) What is the role of grandparents in the family?,Precious_75yvkPFujcbLrv7P
resampled_audio/pleshy_3/recorder_2024-04-15_13-58-11_612811.wav,"for bathing, for cooking, for washing, for brushing our teeth",Precious_75yvkPFujcbLrv7P
resampled_audio/pleshy_3/recorder_2024-04-15_13-58-39_971179.wav,The reform excluded traditional ruler from the local government councils,Precious_75yvkPFujcbLrv7P
resampled_audio/pleshy_3/recorder_2024-04-15_13-59-10_489905.wav,"Hausa; Tuwo, Suya, Dan Wake, Misa, suya, Miyan Geda, kunnu",Precious_75yvkPFujcbLrv7P
resampled_audio/pleshy_3/recorder_2024-04-15_13-59-40_372144.wav,KEY NATIONALIST LEADERS IN NIGERIA AND THEIR CONTRIBUTIONS TO NATIONALISM,Precious_75yvkPFujcbLrv7P
resampled_audio/pleshy_3/recorder_2024-04-15_13-59-58_899722.wav,(seven) External influence (eight) Bad value system (nine) Culture of Impurity,Precious_75yvkPFujcbLrv7P
resampled_audio/pleshy_3/recorder_2024-04-15_14-00-04_940299.wav,(three) explain the importance of responsible parenthood in national development,Precious_75yvkPFujcbLrv7P
resampled_audio/pleshy_3/recorder_2024-04-15_14-00-21_082963.wav,"Such effects include: hallucination, confusion, high blood pressure and dizziness",Precious_75yvkPFujcbLrv7P
resampled_audio/pleshy_3/recorder_2024-04-15_14-02-06_981432.wav,(one) Practical oriented education (two) Responsible governors (three) Popular participation,Precious_75yvkPFujcbLrv7P
resampled_audio/pleshy_3/recorder_2024-04-15_14-02-25_984174.wav,ASSIGNMENT: Explain fives roles of government in empowering Nigeria youth,Precious_75yvkPFujcbLrv7P
resampled_audio/pleshy_3/recorder_2024-04-15_14-03-13_533166.wav,The highest degree of centralization is achieved in unitary states,Precious_75yvkPFujcbLrv7P
resampled_audio/pleshy_3/recorder_2024-04-15_14-03-18_989521.wav,What are the advantages of the Clifford Constitution of nineteen twenty two?,Precious_75yvkPFujcbLrv7P
resampled_audio/pleshy_3/recorder_2024-04-15_14-03-26_309282.wav,(seven) Civil liberties or equality of opportunity (eight) Rule of law,Precious_75yvkPFujcbLrv7P
resampled_audio/pleshy_3/recorder_2024-04-15_14-03-31_258009.wav,"(one) Sharing – To work together, ideas must be shared",Precious_75yvkPFujcbLrv7P
resampled_audio/pleshy_3/recorder_2024-04-15_14-08-12_027554.wav,(three) Say why we must greet our elders and parents,Precious_75yvkPFujcbLrv7P
resampled_audio/pleshy_3/recorder_2024-04-15_14-08-19_595372.wav,"The clerical class: Clerks, typist, clerical Assistant – GCE holders",Precious_75yvkPFujcbLrv7P
resampled_audio/pleshy_3/recorder_2024-04-15_14-08-25_144122.wav,"LEGAL RIGHTS: Right to fair hearing, Right to family life",Precious_75yvkPFujcbLrv7P
resampled_audio/pleshy_3/recorder_2024-04-15_14-08-29_928439.wav,There was a national executive and a national working committee.,Precious_75yvkPFujcbLrv7P
resampled_audio/pleshy_3/recorder_2024-04-15_14-08-51_894218.wav,Give four reasons why people reject military rule in Africa,Precious_75yvkPFujcbLrv7P
resampled_audio/pleshy_3/recorder_2024-04-15_14-08-56_125348.wav,The following are the importance of civic education in schools,Precious_75yvkPFujcbLrv7P
resampled_audio/pleshy_3/recorder_2024-04-15_14-09-03_437086.wav,(five) Consequences of electoral malpractices (six) Solutions to electoral malpractices,Precious_75yvkPFujcbLrv7P
resampled_audio/pleshy_3/recorder_2024-04-15_14-09-10_786841.wav,(thirteen) Peaceful electioneering campaign or other forms of political participation,Precious_75yvkPFujcbLrv7P
resampled_audio/pleshy_3/recorder_2024-04-15_14-09-16_653424.wav,They settled disputes and inter communal clashes in their respective domain,Precious_75yvkPFujcbLrv7P
resampled_audio/pleshy_3/recorder_2024-04-15_14-09-44_896172.wav,(five) Republican and Monarchical constitution (six) Presidential and parliamentary constitution,Precious_75yvkPFujcbLrv7P
resampled_audio/pleshy_3/recorder_2024-04-15_14-16-20_493487.wav,(one) The Legislatures (two) The Executive and (three) The Judiciary,Precious_75yvkPFujcbLrv7P
resampled_audio/pleshy_3/recorder_2024-04-15_14-16-33_845482.wav,four and five Protection of Human Rights and The Rule of Law,Precious_75yvkPFujcbLrv7P
resampled_audio/pleshy_3/recorder_2024-04-15_14-16-38_914705.wav,(two) State the rewards of living in a clean environment,Precious_75yvkPFujcbLrv7P
resampled_audio/pleshy_3/recorder_2024-04-15_14-16-51_304355.wav,(two) Traditional laws and customs were used in the administration,Precious_75yvkPFujcbLrv7P
resampled_audio/pleshy_3/recorder_2024-04-15_14-16-57_732467.wav,(three) freedom from discrimination (four) freedom of assembly and association,Precious_75yvkPFujcbLrv7P
resampled_audio/pleshy_3/recorder_2024-04-15_14-17-03_072893.wav,Embezzlement is the act of embezzling government property and money,Precious_75yvkPFujcbLrv7P
resampled_audio/pleshy_3/recorder_2024-04-15_14-17-14_224556.wav,"Therefore, they could be fired when they are not performing",Precious_75yvkPFujcbLrv7P
resampled_audio/pleshy_3/recorder_2024-04-15_14-17-18_181283.wav,Honesty – This is the ability to tell the truth,Precious_75yvkPFujcbLrv7P
resampled_audio/pleshy_3/recorder_2024-04-15_14-17-22_988192.wav,(three) List and explain four causes of Falsehood and Theft,Precious_75yvkPFujcbLrv7P
resampled_audio/pleshy_3/recorder_2024-04-15_14-17-27_579635.wav,It takes some time before such victims get over it,Precious_75yvkPFujcbLrv7P
resampled_audio/pleshy_3/recorder_2024-04-15_14-17-55_950295.wav,"Exposure to cold, smoking and inhaling dust can cause cough",Precious_75yvkPFujcbLrv7P
resampled_audio/pleshy_3/recorder_2024-04-15_14-18-02_283085.wav,"WEEK ONE, TOPIC: RELATIONSHIP BETWEEN FEDERAL, STATE AND LOCAL GOVERNMENTS",Precious_75yvkPFujcbLrv7P
resampled_audio/pleshy_3/recorder_2024-04-15_14-18-08_039798.wav,– Definition of citizenship education – Importance of citizenship education,Precious_75yvkPFujcbLrv7P
resampled_audio/pleshy_3/recorder_2024-04-15_14-18-13_481390.wav,Africa as the Center Piece of Nigeria’s Foreign Policy; Origin,Precious_75yvkPFujcbLrv7P
resampled_audio/pleshy_3/recorder_2024-04-15_14-18-20_223392.wav,"(three) Increases in social vices like armed robbery, prostitution etc",Precious_75yvkPFujcbLrv7P
resampled_audio/pleshy_3/recorder_2024-04-15_14-18-31_840193.wav,There is duplication of organs of government in all governments,Precious_75yvkPFujcbLrv7P
resampled_audio/pleshy_3/recorder_2024-04-15_14-18-48_007762.wav,Nationalism also includes political participation and self rule (political independence),Precious_75yvkPFujcbLrv7P
resampled_audio/pleshy_3/recorder_2024-04-15_14-19-12_984156.wav,(twenty three) Right to Desirable Work and to Join Trade Unions,Precious_75yvkPFujcbLrv7P
resampled_audio/pleshy_3/recorder_2024-04-15_14-19-18_515594.wav,Previous Knowledge: The pupils have been taught classifications of food,Precious_75yvkPFujcbLrv7P
resampled_audio/pleshy_3/recorder_2024-04-15_14-19-24_182597.wav,He assented to all bills passed by the legislative council,Precious_75yvkPFujcbLrv7P
resampled_audio/pleshy_3/recorder_2024-04-15_14-19-29_300174.wav,(three) Write out examples of drugs that are commonly abused,Precious_75yvkPFujcbLrv7P
resampled_audio/pleshy_3/recorder_2024-04-15_14-19-35_157294.wav,"That is, he hates grab it all attitude in whatever he does",Precious_75yvkPFujcbLrv7P
resampled_audio/pleshy_3/recorder_2024-04-15_14-21-03_826897.wav,Headache may also be a symptom of other diseases like malaria,Precious_75yvkPFujcbLrv7P
resampled_audio/pleshy_3/recorder_2024-04-15_14-21-09_768116.wav,(two) List five consequences of irresponsible parenthood to the society,Precious_75yvkPFujcbLrv7P
resampled_audio/pleshy_3/recorder_2024-04-15_14-21-23_949754.wav,The constitution is the supreme law in a presidential system,Precious_75yvkPFujcbLrv7P
resampled_audio/pleshy_3/recorder_2024-04-15_14-21-28_809673.wav,(two) The navy maintains law and order on the sea,Precious_75yvkPFujcbLrv7P
resampled_audio/pleshy_3/recorder_2024-04-15_14-21-44_550657.wav,Effective management remotes economic growth and development in the society,Precious_75yvkPFujcbLrv7P
resampled_audio/pleshy_3/recorder_2024-04-15_14-21-54_275403.wav,Democracy is a system of government based on popular consent,Precious_75yvkPFujcbLrv7P
resampled_audio/pleshy_3/recorder_2024-04-15_14-21-59_516317.wav,(two) Write ten political parties in Nigeria and their logos,Precious_75yvkPFujcbLrv7P
resampled_audio/pleshy_3/recorder_2024-04-15_14-22-05_318653.wav,(three) Refusal to join political parties (four) Refusal to protest,Precious_75yvkPFujcbLrv7P
resampled_audio/pleshy_3/recorder_2024-04-15_14-22-18_092049.wav,This comprised twelve members drawn equally form the three regions,Precious_75yvkPFujcbLrv7P
resampled_audio/pleshy_3/recorder_2024-04-15_14-22-23_192594.wav,(b) When it looks as if the surrounding is moving,Precious_75yvkPFujcbLrv7P
resampled_audio/pleshy_3/recorder_2024-04-15_14-22-27_489295.wav,There will be peace and people will not be molested,Precious_75yvkPFujcbLrv7P
resampled_audio/pleshy_3/recorder_2024-04-15_14-22-39_233996.wav,There are some consumer rights and they are as follows,Precious_75yvkPFujcbLrv7P
resampled_audio/pleshy_3/recorder_2024-04-15_14-22-45_920003.wav,(one) Get involved in productive activities (two) Get professional help,Precious_75yvkPFujcbLrv7P
resampled_audio/pleshy_3/recorder_2024-04-15_14-23-28_688971.wav,FACTORS RESPONSIBLE FOR THE MILITARY COUP OF fifteenth JANUARY nineteen sixty six,Precious_75yvkPFujcbLrv7P
resampled_audio/pleshy_3/recorder_2024-04-15_14-23-33_667532.wav,Some of the effects of electoral malpractices are as follows,Precious_75yvkPFujcbLrv7P
resampled_audio/pleshy_3/recorder_2024-04-15_14-23-39_612201.wav,(three) enumerate and explain the skills for resolving intercommunal conflicts,Precious_75yvkPFujcbLrv7P
resampled_audio/pleshy_3/recorder_2024-04-15_14-23-44_809369.wav,Previous Knowledge: The pupils have been taught reason for taking substance,Precious_75yvkPFujcbLrv7P
resampled_audio/pleshy_3/recorder_2024-04-15_14-23-51_343066.wav,Registration of political parties. Registration of voters and provision of voters’ cards,Precious_75yvkPFujcbLrv7P
resampled_audio/pleshy_3/recorder_2024-04-15_14-23-57_353295.wav,To give free universal compulsory and purposeful education at all levels,Precious_75yvkPFujcbLrv7P
resampled_audio/pleshy_3/recorder_2024-04-15_14-24-02_151700.wav,(three) Explain the role of four members of the extended family,Precious_75yvkPFujcbLrv7P
resampled_audio/pleshy_3/recorder_2024-04-15_14-24-26_819443.wav,Industries were not built to make the regions a producer nation,Precious_75yvkPFujcbLrv7P
resampled_audio/pleshy_3/recorder_2024-04-15_14-24-33_078292.wav,This was stated by the sixteenth president of America (Abraham Lincoln),Precious_75yvkPFujcbLrv7P
resampled_audio/pleshy_3/recorder_2024-04-15_14-26-07_245777.wav,They are called ministries and is headed by Ministers or commissioners,Precious_75yvkPFujcbLrv7P
resampled_audio/pleshy_3/recorder_2024-04-15_14-26-13_421087.wav,It is properly used in emergency period because of its flexibility,Precious_75yvkPFujcbLrv7P
resampled_audio/pleshy_3/recorder_2024-04-15_14-26-18_868215.wav,It enables citizens to remove a bad government and bad leaders,Precious_75yvkPFujcbLrv7P
resampled_audio/pleshy_3/recorder_2024-04-15_14-26-24_361079.wav,WEEK ELEVEN: REASONS WHY LEADERS FAIL TO PROTECT THEIR FOLLOWERS’ INTEREST.,Precious_75yvkPFujcbLrv7P
resampled_audio/pleshy_3/recorder_2024-04-15_14-26-49_010497.wav,The bride’s and groom’s relatives are always present during the occasion,Precious_75yvkPFujcbLrv7P
resampled_audio/pleshy_3/recorder_2024-04-15_14-27-05_146102.wav,The central government is the only source form which power emanates,Precious_75yvkPFujcbLrv7P
resampled_audio/pleshy_3/recorder_2024-04-15_14-27-14_806641.wav,Self control – This is being able to control your own action,Precious_75yvkPFujcbLrv7P
resampled_audio/pleshy_3/recorder_2024-04-15_14-27-19_510299.wav,(two) Mention ways to identify someone that is a drug addict,Precious_75yvkPFujcbLrv7P
resampled_audio/pleshy_3/recorder_2024-04-15_14-27-24_629328.wav,(one)  List any six responsibilities of the children to their parents,Precious_75yvkPFujcbLrv7P
resampled_audio/pleshy_3/recorder_2024-04-15_14-27-37_418633.wav,The government set up a review panel for the nineteen ninety five constitution,Precious_75yvkPFujcbLrv7P
resampled_audio/pleshy_3/recorder_2024-04-15_14-27-41_488356.wav,A culture is passed on to the next generation by learning,Precious_75yvkPFujcbLrv7P
resampled_audio/pleshy_3/recorder_2024-04-15_14-27-48_380969.wav,Sanity: Anybody contesting for any elective position must not be insane,Precious_75yvkPFujcbLrv7P
resampled_audio/pleshy_3/recorder_2024-04-15_14-28-19_460527.wav,(de facto) through coup d’état (a forceful and unlawful takeover of government),Precious_75yvkPFujcbLrv7P
resampled_audio/pleshy_3/recorder_2024-04-15_14-28-38_479304.wav,The Tools for Cleaning the Environment Benefits of a clean environment,Precious_75yvkPFujcbLrv7P
resampled_audio/pleshy_3/recorder_2024-04-15_14-28-43_280555.wav,These rights are vital towards the maintenance of law and order,Precious_75yvkPFujcbLrv7P
resampled_audio/pleshy_3/recorder_2024-04-15_14-28-49_103655.wav,(three) state and discuss the role of orderliness in the society,Precious_75yvkPFujcbLrv7P
resampled_audio/pleshy_3/recorder_2024-04-15_14-28-55_229516.wav,"Class: SS ONE, TOPIC: Government as an institution of the State",Precious_75yvkPFujcbLrv7P
resampled_audio/pleshy_3/recorder_2024-04-15_14-29-00_495813.wav,Traditional marriage: The objects used are according to each ethnic group,Precious_75yvkPFujcbLrv7P
resampled_audio/pleshy_3/recorder_2024-04-15_14-29-12_846687.wav,Bad leadership: This is the number one consequence of electoral malpractices,Precious_75yvkPFujcbLrv7P
resampled_audio/pleshy_3/recorder_2024-04-15_14-29-19_664305.wav,(one)  It produces responsible citizens (two)  It reduces the rate crime,Precious_75yvkPFujcbLrv7P
resampled_audio/pleshy_3/recorder_2024-04-15_14-29-26_630520.wav,Voluntary organizations should make their programmes more interesting to attract membership,Precious_75yvkPFujcbLrv7P
resampled_audio/pleshy_3/recorder_2024-04-15_14-29-31_120557.wav,It meets both the present and future needs of a country,Precious_75yvkPFujcbLrv7P
resampled_audio/pleshy_3/recorder_2024-04-15_14-29-36_512542.wav,"JUSTICE: This is being fair, reasonable and right in meeting people",Precious_75yvkPFujcbLrv7P
resampled_audio/pleshy_3/recorder_2024-04-15_14-29-50_895004.wav,Your talents and skills can be developed in the following ways,Precious_75yvkPFujcbLrv7P
resampled_audio/pleshy_3/recorder_2024-04-15_14-30-50_947385.wav,General Abacha was the secretary of Defence in the same administration,Precious_75yvkPFujcbLrv7P
resampled_audio/pleshy_3/recorder_2024-04-15_14-31-31_122389.wav,– Different local or world civic problems – Effects of nationalism in Nigeria,Precious_75yvkPFujcbLrv7P
resampled_audio/pleshy_3/recorder_2024-04-15_14-31-45_646935.wav,(ten) Installation of cctv camera at cross section of the road,Precious_75yvkPFujcbLrv7P
resampled_audio/pleshy_3/recorder_2024-04-15_14-32-33_872959.wav,(a) Employment: it is an arrangement of responsibilities between two parties,Precious_75yvkPFujcbLrv7P
resampled_audio/pleshy_3/recorder_2024-04-15_14-32-48_321949.wav,(two) identify types of drugs and how they can be abused,Precious_75yvkPFujcbLrv7P
resampled_audio/pleshy_3/recorder_2024-04-15_14-32-55_024718.wav,(three) They promote national stability (four) They promote interest in politics,Precious_75yvkPFujcbLrv7P
resampled_audio/pleshy_3/recorder_2024-04-15_14-33-01_932823.wav,Both parties had national spread and support that seemed about equal,Precious_75yvkPFujcbLrv7P
resampled_audio/pleshy_3/recorder_2024-04-15_14-33-17_581118.wav,The following are the of what happened during the emergency period,Precious_75yvkPFujcbLrv7P
resampled_audio/pleshy_3/recorder_2024-04-15_14-33-22_889979.wav,Commitment: This is a feeling of responsibility in a given situation,Precious_75yvkPFujcbLrv7P
resampled_audio/pleshy_3/recorder_2024-04-15_14-34-26_350588.wav,Lives in a comfortable home. Lives responsibly. Lives an independent life,Precious_75yvkPFujcbLrv7P
resampled_audio/pleshy_3/recorder_2024-04-15_14-34-31_348691.wav,Assent: He has the power to sign a bill into law,Precious_75yvkPFujcbLrv7P
resampled_audio/pleshy_3/recorder_2024-04-15_14-34-36_932667.wav,(one) It produces responsible children who would build up the nation,Precious_75yvkPFujcbLrv7P
resampled_audio/pleshy_3/recorder_2024-04-15_14-34-42_399345.wav,(two) highlight the rule of law and maximum liberty for citizens,Precious_75yvkPFujcbLrv7P
resampled_audio/pleshy_3/recorder_2024-04-15_14-34-46_549707.wav,The Queen of England was no longer the head of state,Precious_75yvkPFujcbLrv7P
resampled_audio/pleshy_3/recorder_2024-04-15_14-34-54_235230.wav,"(four) Endurance: By character, every courageous person has an enduring spirit",Precious_75yvkPFujcbLrv7P
resampled_audio/pleshy_3/recorder_2024-04-15_14-34-59_698311.wav,It is also called grassroot government and headed by the chairman,Precious_75yvkPFujcbLrv7P
resampled_audio/pleshy_3/recorder_2024-04-15_14-35-04_047893.wav,Sort out what can be changed and what cannot be changed,Precious_75yvkPFujcbLrv7P
resampled_audio/pleshy_3/recorder_2024-04-15_14-36-26_243483.wav,"SECOND TERM SCHEME OF WORK CIVIC EDUCATION FOR SS TWO, WEEK TOPIC",Precious_75yvkPFujcbLrv7P
resampled_audio/pleshy_3/recorder_2024-04-15_14-36-39_586981.wav,Food is what we eat or drink to make us grow,Precious_75yvkPFujcbLrv7P
resampled_audio/pleshy_3/recorder_2024-04-15_14-37-14_719817.wav,(one) Insecurity (two) Bad governance (three) Poor policy (four) Political violence,Precious_75yvkPFujcbLrv7P
resampled_audio/pleshy_3/recorder_2024-04-15_14-37-28_152191.wav,THEORY: Mention the achievements of the nineteen sixty independence constitution of Nigeria,Precious_75yvkPFujcbLrv7P
resampled_audio/pleshy_3/recorder_2024-04-15_14-37-57_017969.wav,The citizenship of Nigeria can be acquired through the following ways,Precious_75yvkPFujcbLrv7P
resampled_audio/pleshy_3/recorder_2024-04-15_14-38-02_267378.wav,Doctors are qualified to prescribe and give drugs to sick people,Precious_75yvkPFujcbLrv7P
resampled_audio/pleshy_3/recorder_2024-04-15_14-38-09_996037.wav,Intellectual skills: These are skills that need peculiar cognitive (thinking) activity,Precious_75yvkPFujcbLrv7P
resampled_audio/pleshy_3/recorder_2024-04-15_14-38-16_574984.wav,(eight) Constituted authority contributes to the smooth running of the society,Precious_75yvkPFujcbLrv7P
resampled_audio/pleshy_3/recorder_2024-04-15_14-38-22_343880.wav,Citizenship by registration or marriage is applicable to the following people,Precious_75yvkPFujcbLrv7P
resampled_audio/pleshy_3/recorder_2024-04-15_14-38-27_927501.wav,For love because the couples must love and respect each other,Precious_75yvkPFujcbLrv7P
resampled_audio/pleshy_3/recorder_2024-04-15_14-38-33_734131.wav,(seven) It reduces problems in the family which often trigger poverty,Precious_75yvkPFujcbLrv7P
resampled_audio/pleshy_3/recorder_2024-04-15_14-38-48_334100.wav,They do this so as to effect a change in government,Precious_75yvkPFujcbLrv7P
resampled_audio/pleshy_3/recorder_2024-04-15_14-38-54_145912.wav,In the university of Benin in Nineteenth seventy six with the following aim,Precious_75yvkPFujcbLrv7P
resampled_audio/pleshy_3/recorder_2024-04-15_14-39-20_860841.wav,The duties and obligation of a citizen to his country are,Precious_75yvkPFujcbLrv7P
resampled_audio/pleshy_3/recorder_2024-04-15_14-39-28_238306.wav,THEORY: Define illiteracy. Mention three solutions to the problem of illiteracy,Precious_75yvkPFujcbLrv7P
resampled_audio/pleshy_3/recorder_2024-04-15_14-39-32_968041.wav,The three are normally referred to as the Nigerian armed forces,Precious_75yvkPFujcbLrv7P
resampled_audio/pleshy_3/recorder_2024-04-15_14-39-39_583635.wav,"Socialism, freedom from exploitation and freedom from harassment for all Nigerians",Precious_75yvkPFujcbLrv7P
resampled_audio/pleshy_3/recorder_2024-04-15_14-39-49_789499.wav,"(four) Low incentive (five) Political interference (six) Tribalism, nepotism and favouritism",Precious_75yvkPFujcbLrv7P
resampled_audio/pleshy_3/recorder_2024-04-15_14-39-54_350736.wav,All these rights can further be grouped into the following types,Precious_75yvkPFujcbLrv7P
resampled_audio/pleshy_3/recorder_2024-04-15_14-40-01_162265.wav,The constitution abolished the Nigerian Council which was non elective and ineffective,Precious_75yvkPFujcbLrv7P
resampled_audio/pleshy_3/recorder_2024-04-15_14-40-06_949368.wav,She fought tooth and nail against counterfeit drugs and unsafe food,Precious_75yvkPFujcbLrv7P
resampled_audio/pleshy_3/recorder_2024-04-15_14-40-20_327827.wav,Principle of separation of powers enhances the independence of the judiciary,Precious_75yvkPFujcbLrv7P
resampled_audio/pleshy_3/recorder_2024-04-15_14-40-27_118188.wav,Self – defence is protecting oneself against attack or something adverse,Precious_75yvkPFujcbLrv7P
resampled_audio/pleshy_3/recorder_2024-04-15_14-40-39_951476.wav,The fight put up by NAFDAC and NDLEA should be sustained,Precious_75yvkPFujcbLrv7P
resampled_audio/pleshy_3/recorder_2024-04-15_14-40-56_746148.wav,A constitution enhances (a) effective governance (b) corruption (c) election rigging,Precious_75yvkPFujcbLrv7P
